DateID,FullDate,Month,MonthName,Year
1,2024-08-09,8,August,2024
2,2024-11-28,11,November,2024
3,2024-10-13,10,October,2024
4,2024-07-06,7,July,2024
5,2024-06-08,6,June,2024
6,2024-11-15,11,November,2024
7,2024-08-28,8,August,2024
8,2024-08-30,8,August,2024
9,2024-10-22,10,October,2024
10,2024-06-20,6,June,2024
11,2024-07-07,7,July,2024
12,2024-06-10,6,June,2024
13,2024-10-31,10,October,2024
14,2024-10-30,10,October,2024
15,2024-09-22,9,September,2024
16,2024-09-28,9,September,2024
17,2024-07-29,7,July,2024
18,2024-08-17,8,August,2024
19,2024-08-20,8,August,2024
20,2024-09-12,9,September,2024
21,2024-09-09,9,September,2024
22,2024-11-01,11,November,2024
23,2024-06-17,6,June,2024
24,2024-06-19,6,June,2024
25,2024-11-21,11,November,2024
26,2024-09-20,9,September,2024
27,2024-10-08,10,October,2024
28,2024-07-24,7,July,2024
29,2024-08-01,8,August,2024
30,2024-07-16,7,July,2024
31,2024-07-20,7,July,2024
32,2024-11-26,11,November,2024
33,2024-07-28,7,July,2024
34,2024-06-02,6,June,2024
35,2024-11-27,11,November,2024
36,2024-10-25,10,October,2024
37,2024-09-19,9,September,2024
38,2024-06-28,6,June,2024
39,2024-11-17,11,November,2024
40,2024-10-28,10,October,2024
41,2024-09-17,9,September,2024
42,2024-10-29,10,October,2024
43,2024-07-15,7,July,2024
44,2024-10-14,10,October,2024
45,2024-06-12,6,June,2024
46,2024-07-25,7,July,2024
47,2024-06-21,6,June,2024
48,2024-07-09,7,July,2024
49,2024-10-26,10,October,2024
50,2024-08-04,8,August,2024
51,2024-08-18,8,August,2024
52,2024-08-12,8,August,2024
53,2024-11-12,11,November,2024
54,2024-06-26,6,June,2024
55,2024-11-05,11,November,2024
56,2024-11-06,11,November,2024
57,2024-08-24,8,August,2024
58,2024-08-08,8,August,2024
59,2024-09-23,9,September,2024
60,2024-09-08,9,September,2024
61,2024-11-24,11,November,2024
62,2024-10-10,10,October,2024
63,2024-10-17,10,October,2024
64,2024-11-25,11,November,2024
65,2024-07-21,7,July,2024
66,2024-08-21,8,August,2024
67,2024-06-04,6,June,2024
68,2024-10-01,10,October,2024
69,2024-09-21,9,September,2024
70,2024-10-02,10,October,2024
71,2024-08-03,8,August,2024
72,2024-07-31,7,July,2024
73,2024-06-29,6,June,2024
74,2024-11-08,11,November,2024
75,2024-06-22,6,June,2024
76,2024-07-05,7,July,2024
77,2024-11-16,11,November,2024
78,2024-10-07,10,October,2024
79,2024-10-20,10,October,2024
80,2024-09-11,9,September,2024
81,2024-09-07,9,September,2024
82,2024-10-03,10,October,2024
83,2024-08-05,8,August,2024
84,2024-06-03,6,June,2024
85,2024-09-06,9,September,2024
86,2024-09-27,9,September,2024
87,2024-11-03,11,November,2024
88,2024-11-19,11,November,2024
89,2024-07-02,7,July,2024
90,2024-10-05,10,October,2024
91,2024-07-03,7,July,2024
92,2024-10-06,10,October,2024
93,2024-10-15,10,October,2024
94,2024-08-07,8,August,2024
95,2024-10-04,10,October,2024
96,2024-09-14,9,September,2024
97,2024-06-18,6,June,2024
98,2024-07-23,7,July,2024
99,2024-08-27,8,August,2024
100,2024-09-13,9,September,2024
101,2024-09-25,9,September,2024
102,2024-06-05,6,June,2024
103,2024-08-22,8,August,2024
104,2024-09-29,9,September,2024
105,2024-08-06,8,August,2024
106,2024-07-30,7,July,2024
107,2024-11-02,11,November,2024
108,2024-06-11,6,June,2024
109,2024-06-16,6,June,2024
110,2024-06-14,6,June,2024
111,2024-06-30,6,June,2024
112,2024-08-16,8,August,2024
113,2024-11-04,11,November,2024
114,2024-07-14,7,July,2024
115,2024-07-04,7,July,2024
116,2024-09-05,9,September,2024
117,2024-08-13,8,August,2024
118,2024-09-30,9,September,2024
119,2024-10-23,10,October,2024
120,2024-10-12,10,October,2024
121,2024-09-02,9,September,2024
122,2024-08-02,8,August,2024
123,2024-10-19,10,October,2024
124,2024-08-29,8,August,2024
125,2024-09-03,9,September,2024
126,2024-11-09,11,November,2024
127,2024-07-08,7,July,2024
128,2024-08-31,8,August,2024
129,2024-08-19,8,August,2024
130,2024-07-18,7,July,2024
131,2024-10-21,10,October,2024
132,2024-10-18,10,October,2024
133,2024-08-11,8,August,2024
134,2024-07-22,7,July,2024
135,2024-06-23,6,June,2024
136,2024-07-19,7,July,2024
137,2024-09-04,9,September,2024
138,2024-09-15,9,September,2024
139,2024-08-25,8,August,2024
140,2024-08-26,8,August,2024
141,2024-06-07,6,June,2024
142,2024-11-11,11,November,2024
143,2024-06-27,6,June,2024
144,2024-11-23,11,November,2024
145,2024-10-27,10,October,2024
146,2024-08-10,8,August,2024
147,2024-09-26,9,September,2024
148,2024-08-23,8,August,2024
149,2024-06-24,6,June,2024
150,2024-07-01,7,July,2024
151,2024-11-07,11,November,2024
152,2024-11-22,11,November,2024
153,2024-09-18,9,September,2024
154,2024-10-11,10,October,2024
155,2024-07-26,7,July,2024
156,2024-09-01,9,September,2024
157,2024-07-10,7,July,2024
158,2024-09-24,9,September,2024
159,2024-08-14,8,August,2024
160,2024-10-24,10,October,2024
161,2024-11-13,11,November,2024
162,2024-09-16,9,September,2024
163,2024-10-16,10,October,2024
164,2024-09-10,9,September,2024
165,2024-06-09,6,June,2024
166,2024-06-25,6,June,2024
167,2024-07-13,7,July,2024
168,2024-06-15,6,June,2024
169,2024-07-27,7,July,2024
170,2024-07-12,7,July,2024
171,2024-11-18,11,November,2024
172,2024-07-17,7,July,2024
173,2024-06-06,6,June,2024
174,2024-08-15,8,August,2024
175,2024-11-20,11,November,2024
176,2024-10-09,10,October,2024
177,2024-11-14,11,November,2024
178,2024-11-10,11,November,2024
179,2024-07-11,7,July,2024
180,2024-06-01,6,June,2024
181,2024-06-13,6,June,2024
