Product_ID,Store_ID,Warehouse_ID,Last_Updated,Stock_Level,Reorder_Level
P005,S101,W003,2024-02-01,498,163
P004,S103,W003,2024-02-02,24,178
P002,S101,W002,2024-02-03,245,188
P003,S101,W003,2024-02-04,61,148
P002,S101,W002,2024-02-05,57,155
P003,S103,W002,2024-02-06,443,63
P005,S102,W002,2024-02-07,392,105
P004,S101,W002,2024-02-08,284,124
P004,S102,W001,2024-02-09,342,169
P004,S102,W003,2024-02-10,17,67
P002,S101,W001,2024-02-11,428,78
P003,S101,W001,2024-02-12,476,161
P005,S101,W002,2024-02-13,261,69
P004,S101,W002,2024-02-14,87,190
P002,S102,W001,2024-02-15,490,170
P002,S101,W003,2024-02-16,103,97
P005,S103,W001,2024-02-17,191,73
P003,S101,W002,2024-02-18,406,132
P004,S102,W002,2024-02-19,131,64
P002,S103,W003,2024-02-20,223,150
P005,S104,W003,2024-02-21,52,162
P002,S101,W002,2024-02-22,438,83
P003,S101,W003,2024-02-23,141,77
P005,S104,W003,2024-02-24,309,133
P005,S102,W002,2024-02-25,66,119
P004,S101,W003,2024-02-26,38,99
P001,S104,W003,2024-02-27,295,117
P003,S102,W002,2024-02-28,29,98
P001,S104,W001,2024-02-29,429,184
P002,S101,W003,2024-03-01,81,123
P001,S103,W002,2024-03-02,366,128
P004,S102,W002,2024-03-03,85,121
P004,S103,W003,2024-03-04,408,66
P002,S101,W001,2024-03-05,305,193
P005,S102,W001,2024-03-06,58,82
P004,S103,W002,2024-03-07,259,137
P003,S102,W001,2024-03-08,93,194
P004,S102,W001,2024-03-09,211,87
P001,S103,W001,2024-03-10,200,81
P005,S104,W003,2024-03-11,426,162
P005,S103,W002,2024-03-12,192,54
P004,S104,W001,2024-03-13,361,109
P004,S103,W003,2024-03-14,59,97
P005,S103,W001,2024-03-15,55,134
P001,S102,W003,2024-03-16,389,131
P005,S103,W001,2024-03-17,428,103
P003,S101,W001,2024-03-18,130,116
P004,S103,W003,2024-03-19,256,174
P003,S101,W002,2024-03-20,109,111
P002,S103,W001,2024-03-21,136,93
P003,S101,W003,2024-03-22,210,191
P004,S104,W001,2024-03-23,62,79
P001,S103,W001,2024-03-24,206,185
P005,S101,W001,2024-03-25,93,77
P003,S102,W001,2024-03-26,306,77
P001,S101,W003,2024-03-27,120,147
P004,S104,W002,2024-03-28,307,105
P004,S104,W002,2024-03-29,466,146
P003,S101,W003,2024-03-30,61,96
P003,S101,W003,2024-03-31,254,174
P002,S104,W002,2024-04-01,198,64
P004,S103,W001,2024-04-02,296,90
P001,S102,W001,2024-04-03,59,154
P002,S104,W001,2024-04-04,242,73
P001,S101,W003,2024-04-05,72,192
P004,S102,W002,2024-04-06,94,101
P002,S101,W001,2024-04-07,216,72
P003,S104,W003,2024-04-08,105,133
P001,S101,W002,2024-04-09,254,127
P001,S103,W003,2024-04-10,46,90
P001,S101,W002,2024-04-11,74,168
P003,S102,W003,2024-04-12,437,104
P001,S104,W003,2024-04-13,128,151
P002,S101,W002,2024-04-14,325,82
P003,S104,W001,2024-04-15,159,140
P003,S102,W002,2024-04-16,336,141
P005,S101,W002,2024-04-17,116,57
P004,S101,W002,2024-04-18,307,174
P001,S102,W002,2024-04-19,74,173
P005,S101,W001,2024-04-20,228,78
P005,S101,W001,2024-04-21,184,181
P001,S103,W003,2024-04-22,219,165
P002,S102,W003,2024-04-23,229,164
P004,S102,W003,2024-04-24,195,138
P005,S104,W001,2024-04-25,278,145
P002,S102,W003,2024-04-26,165,52
P003,S104,W002,2024-04-27,157,127
P005,S104,W001,2024-04-28,38,89
P001,S101,W001,2024-04-29,292,121
P004,S102,W003,2024-04-30,41,165
P005,S103,W002,2024-05-01,265,90
P002,S104,W001,2024-05-02,134,56
P004,S104,W002,2024-05-03,258,140
P003,S103,W001,2024-05-04,329,50
P001,S104,W001,2024-05-05,497,191
P004,S103,W003,2024-05-06,338,83
P004,S103,W002,2024-05-07,129,116
P004,S101,W001,2024-05-08,43,165
P002,S103,W001,2024-05-09,425,139
P005,S101,W003,2024-05-10,91,167
P003,S101,W001,2024-05-11,334,120
P005,S103,W001,2024-05-12,283,167
P003,S102,W001,2024-05-13,79,178
P003,S101,W001,2024-05-14,156,114
P003,S104,W001,2024-05-15,106,96
P005,S103,W002,2024-05-16,238,97
P003,S104,W003,2024-05-17,302,154
P004,S103,W002,2024-05-18,18,148
P003,S102,W002,2024-05-19,202,113
P004,S102,W003,2024-05-20,419,154
P002,S102,W003,2024-05-21,335,185
P001,S101,W001,2024-05-22,284,144
P003,S104,W003,2024-05-23,70,148
P003,S102,W001,2024-05-24,363,167
P001,S101,W003,2024-05-25,281,105
P005,S101,W001,2024-05-26,114,166
P002,S102,W003,2024-05-27,356,159
P001,S103,W002,2024-05-28,34,118
P005,S101,W001,2024-05-29,243,108
P003,S102,W002,2024-05-30,151,198
P001,S103,W003,2024-05-31,154,145
P005,S103,W003,2024-06-01,137,72
P005,S104,W003,2024-06-02,11,194
P002,S101,W001,2024-06-03,388,90
P005,S101,W001,2024-06-04,200,113
P003,S101,W001,2024-06-05,169,54
P001,S104,W003,2024-06-06,169,91
P002,S102,W003,2024-06-07,306,79
P005,S102,W001,2024-06-08,415,151
P001,S103,W003,2024-06-09,343,57
P002,S102,W002,2024-06-10,153,188
P003,S101,W002,2024-06-11,224,92
P001,S103,W003,2024-06-12,250,169
P003,S102,W003,2024-06-13,217,87
P003,S103,W003,2024-06-14,78,54
P005,S103,W003,2024-06-15,97,71
P001,S102,W001,2024-06-16,418,105
P002,S103,W002,2024-06-17,322,68
P003,S103,W002,2024-06-18,395,118
P004,S103,W003,2024-06-19,150,113
P002,S104,W002,2024-06-20,98,59
P002,S102,W003,2024-06-21,470,133
P003,S102,W003,2024-06-22,175,185
P005,S101,W001,2024-06-23,109,101
P002,S103,W002,2024-06-24,366,126
P005,S103,W003,2024-06-25,59,50
P004,S102,W002,2024-06-26,488,82
P004,S103,W002,2024-06-27,401,153
P003,S103,W001,2024-06-28,366,159
P002,S104,W002,2024-06-29,156,193
P003,S103,W001,2024-06-30,230,129
P003,S101,W001,2024-07-01,109,160
P001,S103,W001,2024-07-02,125,77
P002,S101,W001,2024-07-03,97,168
P003,S102,W002,2024-07-04,299,193
P005,S104,W001,2024-07-05,206,169
P001,S104,W002,2024-07-06,245,85
P002,S101,W002,2024-07-07,134,118
P004,S102,W003,2024-07-08,249,79
P002,S102,W003,2024-07-09,121,173
P002,S103,W003,2024-07-10,79,141
P003,S104,W001,2024-07-11,124,120
P003,S103,W003,2024-07-12,299,134
P001,S103,W003,2024-07-13,269,53
P003,S101,W002,2024-07-14,52,166
P003,S101,W002,2024-07-15,257,133
P001,S103,W003,2024-07-16,116,93
P001,S104,W001,2024-07-17,245,145
P001,S103,W003,2024-07-18,365,198
P002,S103,W002,2024-07-19,225,165
P004,S102,W002,2024-07-20,423,114
P003,S104,W001,2024-07-21,264,75
P004,S101,W003,2024-07-22,460,109
P002,S104,W001,2024-07-23,293,126
P001,S104,W001,2024-07-24,311,196
P002,S101,W003,2024-07-25,150,178
P003,S103,W003,2024-07-26,150,86
P001,S104,W003,2024-07-27,448,88
P001,S101,W002,2024-07-28,224,144
P004,S104,W003,2024-07-29,174,64
P004,S101,W003,2024-07-30,100,136
P003,S101,W002,2024-07-31,104,144
P003,S104,W003,2024-08-01,480,130
P003,S104,W002,2024-08-02,411,179
P003,S103,W001,2024-08-03,337,130
P002,S101,W002,2024-08-04,96,95
P002,S102,W002,2024-08-05,433,55
P003,S102,W003,2024-08-06,49,168
P003,S102,W003,2024-08-07,293,144
P002,S101,W003,2024-08-08,481,179
P001,S102,W001,2024-08-09,183,183
P001,S102,W002,2024-08-10,288,82
P005,S104,W001,2024-08-11,143,124
P001,S103,W001,2024-08-12,27,62
P001,S102,W002,2024-08-13,412,116
P001,S103,W001,2024-08-14,198,135
P002,S102,W002,2024-08-15,142,88
P003,S101,W003,2024-08-16,394,77
P005,S103,W001,2024-08-17,164,180
P001,S104,W003,2024-08-18,140,184
